{"temperature": 0.9305786493500616, "top_p": 0.9171118161960674, "top_k": 48, "temperature_coding": 1.34931260853284, "top_p_coding": 0.8939499844783148, "top_k_coding": 80, "n_repetitions": 12, "TOTAL_TOKENS": 1600, "REFLECTION": false, "starting_counts": [3, 2]}