{"temperature": 0.9224916131435876, "top_p": 0.9200490613478282, "top_k": 80, "temperature_coding": 1.9592608035537986, "top_p_coding": 0.9692269032582744, "top_k_coding": 48, "n_repetitions": 12, "TOTAL_TOKENS": 1600, "REFLECTION": false, "starting_counts": [3, 2]}